name,com,app,money,io,cash,free_count
ahlan,REG,?,?,?,FREE,1
alohaclan,FREE,FREE,FREE,FREE,FREE,5
alohafam,FREE,FREE,REG,FREE,FREE,4
alohakin,FREE,FREE,FREE,FREE,REG,4
alohaklan,FREE,FREE,FREE,FREE,FREE,5
alohapeer,FREE,FREE,REG,FREE,FREE,4
aloharing,FREE,FREE,FREE,FREE,REG,4
apna,REG,?,?,?,FREE,1
bandbump,FREE,FREE,FREE,FREE,FREE,5
bandfling,FREE,FREE,REG,FREE,FREE,4
bandona,FREE,FREE,FREE,FREE,REG,4
bandspread,FREE,FREE,FREE,FREE,FREE,5
bankclan,FREE,FREE,REG,FREE,FREE,4
bankfam,FREE,FREE,FREE,FREE,REG,4
bankfling,FREE,FREE,FREE,FREE,FREE,5
bankfolk,FREE,FREE,REG,FREE,FREE,4
bankgive,FREE,FREE,FREE,FREE,REG,4
bankposse,FREE,FREE,FREE,FREE,FREE,5
bankshoot,FREE,FREE,REG,FREE,FREE,4
banksplit,FREE,FREE,FREE,FREE,REG,4
bankspread,FREE,FREE,FREE,FREE,FREE,5
bankufy,FREE,FREE,REG,FREE,FREE,4
baytna,REG,?,?,?,FREE,1
beamafy,FREE,FREE,FREE,FREE,REG,4
beamaly,FREE,FREE,FREE,FREE,FREE,5
beamana,FREE,FREE,REG,FREE,FREE,4
beamara,FREE,FREE,FREE,FREE,REG,4
beamfellow,FREE,FREE,FREE,FREE,FREE,5
beamfity,FREE,FREE,REG,FREE,FREE,4
beamfriend,FREE,FREE,FREE,FREE,REG,4
beamgang,FREE,FREE,FREE,FREE,FREE,5
beamkin,FREE,FREE,REG,FREE,FREE,4
beamklan,FREE,FREE,FREE,FREE,REG,4
beamoso,FREE,FREE,FREE,FREE,FREE,5
beampeer,FREE,FREE,REG,FREE,FREE,4
beamposse,FREE,FREE,FREE,FREE,REG,4
beamvity,FREE,FREE,FREE,FREE,FREE,5
befling,FREE,FREE,REG,FREE,FREE,4
beslide,FREE,FREE,FREE,FREE,REG,4
blastaly,FREE,FREE,FREE,FREE,FREE,5
blastana,FREE,FREE,REG,FREE,FREE,4
blastbuck,FREE,FREE,FREE,FREE,REG,4
blastclan,FREE,FREE,FREE,FREE,FREE,5
blastfam,FREE,FREE,REG,FREE,FREE,4
blastfellow,FREE,FREE,FREE,FREE,REG,4
blastfolk,FREE,FREE,FREE,FREE,FREE,5
blastfriend,FREE,FREE,REG,FREE,FREE,4
blastgang,FREE,FREE,FREE,FREE,REG,4
blastia,FREE,FREE,FREE,FREE,FREE,5
blastkin,FREE,FREE,REG,FREE,FREE,4
blastklan,FREE,FREE,FREE,FREE,REG,4
blastpeer,FREE,FREE,FREE,FREE,FREE,5
blastposse,FREE,FREE,REG,FREE,FREE,4
blastsity,FREE,FREE,FREE,FREE,REG,4
blaststa,FREE,FREE,FREE,FREE,FREE,5
blastster,FREE,FREE,REG,FREE,FREE,4
blastufy,FREE,FREE,FREE,FREE,REG,4
blastvity,FREE,FREE,FREE,FREE,FREE,5
buckafy,FREE,FREE,REG,FREE,FREE,4
buckara,FREE,FREE,FREE,FREE,REG,4
buckbump,FREE,FREE,FREE,FREE,FREE,5
buckema,FREE,FREE,REG,FREE,FREE,4
buckena,FREE,FREE,FREE,FREE,REG,4
buckfling,FREE,FREE,FREE,FREE,FREE,5
buckfolk,FREE,FREE,REG,FREE,FREE,4
buckfriend,FREE,FREE,FREE,FREE,REG,4
buckgang,FREE,FREE,FREE,FREE,FREE,5
buckgive,FREE,FREE,REG,FREE,FREE,4
buckico,FREE,FREE,FREE,FREE,REG,4
buckkin,FREE,FREE,FREE,FREE,FREE,5
buckmove,FREE,FREE,REG,FREE,FREE,4
buckona,FREE,FREE,FREE,FREE,REG,4
buckoro,FREE,FREE,FREE,FREE,FREE,5
buckoso,FREE,FREE,REG,FREE,FREE,4
buckpeer,FREE,FREE,FREE,FREE,REG,4
buckping,FREE,FREE,FREE,FREE,FREE,5
buckposse,FREE,FREE,REG,FREE,FREE,4
buckroute,FREE,FREE,FREE,FREE,REG,4
buckshoot,FREE,FREE,FREE,FREE,FREE,5
bucksplit,FREE,FREE,REG,FREE,FREE,4
buckspread,FREE,FREE,FREE,FREE,REG,4
buckswipe,FREE,FREE,FREE,FREE,FREE,5
buckufy,FREE,FREE,REG,FREE,FREE,4
buckzap,FREE,FREE,FREE,FREE,REG,4
buddyafy,FREE,FREE,FREE,FREE,FREE,5
buddyaly,FREE,FREE,REG,FREE,FREE,4
buddyana,FREE,FREE,FREE,FREE,REG,4
buddyara,FREE,FREE,FREE,FREE,FREE,5
buddyaro,FREE,FREE,REG,FREE,FREE,4
buddycoin,FREE,FREE,FREE,FREE,REG,4
buddyely,FREE,FREE,FREE,FREE,FREE,5
buddyema,FREE,FREE,REG,FREE,FREE,4
buddyfling,FREE,FREE,FREE,FREE,REG,4
buddygive,FREE,FREE,FREE,FREE,FREE,5
buddyia,FREE,FREE,REG,FREE,FREE,4
buddyico,FREE,FREE,FREE,FREE,REG,4
buddyio,FREE,FREE,FREE,FREE,FREE,5
buddyona,FREE,FREE,REG,FREE,FREE,4
buddyoro,FREE,FREE,FREE,FREE,REG,4
buddyoso,FREE,FREE,FREE,FREE,FREE,5
buddypay,PARKED,REG,FREE,FREE,FREE,3
buddypush,FREE,FREE,REG,FREE,FREE,4
buddysend,PARKED,FREE,FREE,FREE,FREE,4
buddyslide,FREE,FREE,FREE,FREE,REG,4
buddyspread,FREE,FREE,FREE,FREE,FREE,5
buddytip,REG,FREE,FREE,FREE,FREE,4
buddywire,PARKED,FREE,FREE,FREE,FREE,4
bumpafy,FREE,FREE,REG,FREE,FREE,4
bumpana,FREE,FREE,FREE,FREE,REG,4
bumpara,FREE,FREE,FREE,FREE,FREE,5
bumparo,FREE,FREE,REG,FREE,FREE,4
bumpclan,FREE,FREE,FREE,FREE,REG,4
bumpely,FREE,FREE,FREE,FREE,FREE,5
bumpema,FREE,FREE,REG,FREE,FREE,4
bumpena,FREE,FREE,FREE,FREE,REG,4
bumpfam,FREE,FREE,FREE,FREE,FREE,5
bumpfellow,FREE,FREE,REG,FREE,FREE,4
bumpfity,FREE,FREE,FREE,FREE,REG,4
bumpfolk,FREE,FREE,FREE,FREE,FREE,5
bumpfriend,FREE,FREE,REG,FREE,FREE,4
bumpgang,FREE,FREE,FREE,FREE,REG,4
bumpgold,FREE,FREE,FREE,FREE,FREE,5
bumpico,FREE,FREE,REG,FREE,FREE,4
bumpmint,FREE,FREE,FREE,FREE,REG,4
bumpona,FREE,FREE,FREE,FREE,FREE,5
bumporo,FREE,FREE,REG,FREE,FREE,4
bumposo,FREE,FREE,FREE,FREE,REG,4
bumppal,FREE,FREE,FREE,FREE,FREE,5
bumppeer,FREE,FREE,REG,FREE,FREE,4
bumpposse,FREE,FREE,FREE,FREE,REG,4
bumpsity,FREE,FREE,FREE,FREE,FREE,5
bumpufy,FREE,FREE,REG,FREE,FREE,4
bumpvity,FREE,FREE,FREE,FREE,REG,4
cashday,PARKED,REG,FREE,PARKED,FREE,2
cashklan,FREE,FREE,FREE,FREE,FREE,5
cashposse,FREE,FREE,REG,FREE,FREE,4
cashufy,FREE,FREE,FREE,FREE,REG,4
castbuck,FREE,FREE,FREE,FREE,FREE,5
castclan,FREE,FREE,REG,FREE,FREE,4
castfellow,FREE,FREE,FREE,FREE,REG,4
castfity,FREE,FREE,FREE,FREE,FREE,5
castfolk,FREE,FREE,REG,FREE,FREE,4
castfriend,FREE,FREE,FREE,FREE,REG,4
castgang,FREE,FREE,FREE,FREE,FREE,5
castkin,FREE,FREE,REG,FREE,FREE,4
castklan,FREE,FREE,FREE,FREE,REG,4
castoso,FREE,FREE,FREE,FREE,FREE,5
castposse,FREE,FREE,REG,FREE,FREE,4
castsity,FREE,FREE,FREE,FREE,REG,4
caststa,FREE,FREE,FREE,FREE,FREE,5
castufy,FREE,FREE,REG,FREE,FREE,4
castvity,FREE,FREE,FREE,FREE,REG,4
cercle,REG,?,?,?,FREE,1
ciao,REG,REG,?,?,FREE,1
ciaobuck,FREE,FREE,FREE,FREE,FREE,5
ciaocircle,FREE,FREE,REG,FREE,FREE,4
ciaocrew,FREE,FREE,FREE,FREE,REG,4
ciaofellow,FREE,FREE,FREE,FREE,FREE,5
ciaofriend,FREE,FREE,REG,FREE,FREE,4
ciaogang,FREE,FREE,FREE,FREE,REG,4
ciaokin,FREE,FREE,FREE,FREE,FREE,5
ciaoklan,FREE,FREE,REG,FREE,FREE,4
ciaomint,FREE,FREE,FREE,FREE,REG,4
ciaoparty,FREE,FREE,FREE,FREE,FREE,5
ciaopeer,FREE,FREE,REG,FREE,FREE,4
ciaoposse,FREE,FREE,FREE,FREE,REG,4
ciaotribe,FREE,FREE,FREE,FREE,FREE,5
circlealy,FREE,FREE,REG,FREE,FREE,4
circleana,FREE,FREE,FREE,FREE,REG,4
circlearo,FREE,FREE,FREE,FREE,FREE,5
circlebump,FREE,FREE,REG,FREE,FREE,4
circleely,FREE,FREE,FREE,FREE,REG,4
circleema,FREE,FREE,FREE,FREE,FREE,5
circleena,FREE,FREE,REG,FREE,FREE,4
circleico,FREE,FREE,FREE,FREE,REG,4
circleona,FREE,FREE,FREE,FREE,FREE,5
circleoro,FREE,FREE,REG,FREE,FREE,4
circleoso,FREE,FREE,FREE,FREE,REG,4
circlepush,FREE,FREE,FREE,FREE,FREE,5
circleshoot,FREE,FREE,REG,FREE,FREE,4
circleufy,FREE,FREE,FREE,FREE,REG,4
clanafy,FREE,FREE,FREE,FREE,FREE,5
clanaly,FREE,FREE,REG,FREE,FREE,4
clanara,FREE,FREE,FREE,FREE,REG,4
clanaro,FREE,FREE,FREE,FREE,FREE,5
clanbeam,FREE,FREE,REG,FREE,FREE,4
clanblast,FREE,FREE,FREE,FREE,REG,4
clanbump,FREE,FREE,FREE,FREE,FREE,5
clanely,FREE,FREE,REG,FREE,FREE,4
clanema,FREE,FREE,FREE,FREE,REG,4
clanena,FREE,FREE,FREE,FREE,FREE,5
clanfling,FREE,FREE,REG,FREE,FREE,4
clangive,FREE,FREE,FREE,FREE,REG,4
clanlift,FREE,FREE,FREE,FREE,FREE,5
clanmint,FREE,FREE,REG,FREE,FREE,4
clanmoney,FREE,FREE,FREE,FREE,REG,4
clanmove,FREE,FREE,FREE,FREE,FREE,5
clanona,FREE,FREE,REG,FREE,FREE,4
clanoso,FREE,FREE,FREE,FREE,REG,4
clanpop,FREE,FREE,FREE,FREE,FREE,5
clanroute,FREE,FREE,REG,FREE,FREE,4
clanrun,FREE,FREE,FREE,FREE,REG,4
clansend,FREE,FREE,FREE,FREE,FREE,5
clanshare,FREE,FREE,REG,FREE,FREE,4
clanslide,FREE,FREE,FREE,FREE,REG,4
clansnap,FREE,FREE,FREE,FREE,FREE,5
clanspread,FREE,FREE,REG,FREE,FREE,4
clanstream,FREE,FREE,FREE,FREE,REG,4
clanswipe,FREE,FREE,FREE,FREE,FREE,5
clantap,FREE,FREE,REG,FREE,FREE,4
clanufy,FREE,FREE,FREE,FREE,REG,4
clanzap,FREE,FREE,FREE,FREE,FREE,5
clubbump,FREE,FREE,REG,FREE,FREE,4
clubona,FREE,FREE,FREE,FREE,REG,4
cluboso,FREE,FREE,FREE,FREE,FREE,5
clubpay,PARKED,PARKED,FREE,REG,FREE,2
clubsend,PARKED,FREE,FREE,FREE,FREE,4
clubspread,FREE,FREE,REG,FREE,FREE,4
clubtip,REG,FREE,FREE,FREE,FREE,4
clubufy,FREE,FREE,FREE,FREE,REG,4
coinbuddy,PARKED,REG,FREE,REG,FREE,2
coinena,FREE,ERR,FREE,FREE,FREE,4
coinklan,FREE,FREE,REG,FREE,FREE,4
coinmate,REG,REG,FREE,REG,FREE,2
coinpal,REG,REG,FREE,REG,FREE,2
coinufy,FREE,FREE,FREE,FREE,REG,4
crew,REG,REG,REG,REG,FREE,1
crewafy,FREE,FREE,FREE,FREE,FREE,5
crewaly,FREE,FREE,REG,FREE,FREE,4
crewbuck,FREE,FREE,FREE,FREE,REG,4
crewbump,FREE,FREE,FREE,FREE,FREE,5
crewely,FREE,FREE,REG,FREE,FREE,4
crewfling,FREE,FREE,FREE,FREE,REG,4
crewico,FREE,FREE,FREE,FREE,FREE,5
crewona,FREE,FREE,REG,FREE,FREE,4
crewoso,FREE,FREE,FREE,FREE,REG,4
crewshoot,FREE,FREE,FREE,FREE,FREE,5
crewslide,FREE,FREE,REG,FREE,FREE,4
crewsplit,FREE,FREE,FREE,FREE,REG,4
crewspread,FREE,FREE,FREE,FREE,FREE,5
crewufy,FREE,FREE,REG,FREE,FREE,4
dashaly,FREE,FREE,FREE,FREE,REG,4
dashema,FREE,FREE,FREE,FREE,FREE,5
dashfellow,FREE,FREE,REG,FREE,FREE,4
dashfity,FREE,FREE,FREE,FREE,REG,4
dashfolk,FREE,FREE,FREE,FREE,FREE,5
dashklan,FREE,FREE,REG,FREE,FREE,4
dashona,FREE,FREE,FREE,FREE,REG,4
dashoso,FREE,FREE,FREE,FREE,FREE,5
dashposse,FREE,FREE,REG,FREE,FREE,4
dashsity,FREE,FREE,FREE,FREE,REG,4
dashsta,FREE,FREE,FREE,FREE,FREE,5
dashufy,FREE,FREE,REG,FREE,FREE,4
dobump,FREE,FREE,FREE,FREE,REG,4
dofling,FREE,FREE,FREE,FREE,FREE,5
dofriend,FREE,FREE,REG,FREE,FREE,4
doposse,FREE,FREE,FREE,FREE,REG,4
dropaly,FREE,FREE,FREE,FREE,FREE,5
dropbuck,FREE,FREE,REG,FREE,FREE,4
dropbuddy,REG,FREE,FREE,FREE,FREE,4
dropfellow,FREE,FREE,FREE,FREE,REG,4
dropfity,FREE,FREE,FREE,FREE,FREE,5
dropklan,FREE,FREE,REG,FREE,FREE,4
dropona,FREE,FREE,FREE,FREE,REG,4
droposo,FREE,FREE,FREE,FREE,FREE,5
dropvity,FREE,FREE,REG,FREE,FREE,4
easyklan,FREE,FREE,FREE,FREE,REG,4
ensemble,REG,?,?,?,FREE,1
fambeam,FREE,FREE,FREE,FREE,FREE,5
fambuck,FREE,FREE,REG,FREE,FREE,4
famfling,FREE,FREE,FREE,FREE,REG,4
familia,REG,?,?,?,FREE,1
fammint,FREE,FREE,FREE,FREE,FREE,5
fammove,FREE,FREE,REG,FREE,FREE,4
fampush,FREE,FREE,FREE,FREE,REG,4
famshoot,FREE,FREE,FREE,FREE,FREE,5
famslide,FREE,FREE,REG,FREE,FREE,4
famsplit,FREE,REG,FREE,FREE,REG,3
famspread,FREE,FREE,FREE,FREE,FREE,5
famswipe,FREE,FREE,REG,FREE,FREE,4
famufy,FREE,FREE,FREE,FREE,REG,4
fastposse,FREE,FREE,FREE,FREE,FREE,5
fellowafy,FREE,FREE,REG,FREE,FREE,4
fellowaly,FREE,FREE,FREE,FREE,REG,4
fellowara,FREE,FREE,FREE,FREE,FREE,5
fellowaro,FREE,FREE,REG,FREE,FREE,4
fellowbeam,FREE,FREE,FREE,FREE,REG,4
fellowblast,FREE,FREE,FREE,FREE,FREE,5
fellowbump,FREE,FREE,REG,FREE,FREE,4
fellowdash,FREE,FREE,FREE,FREE,REG,4
fellowely,FREE,FREE,FREE,FREE,FREE,5
fellowema,FREE,FREE,REG,FREE,FREE,4
fellowena,FREE,FREE,FREE,FREE,REG,4
fellowfling,FREE,FREE,FREE,FREE,FREE,5
fellowgive,FREE,FREE,REG,FREE,FREE,4
fellowgold,FREE,FREE,FREE,FREE,REG,4
fellowhop,FREE,FREE,FREE,FREE,FREE,5
fellowia,FREE,FREE,REG,FREE,FREE,4
fellowify,FREE,FREE,FREE,FREE,REG,4
fellowio,FREE,FREE,FREE,FREE,FREE,5
fellowjet,FREE,FREE,REG,FREE,FREE,4
fellowlift,FREE,FREE,FREE,FREE,REG,4
fellowmint,FREE,FREE,FREE,FREE,FREE,5
fellowmoney,FREE,FREE,REG,FREE,FREE,4
fellowmove,FREE,FREE,FREE,FREE,REG,4
fellowona,FREE,FREE,FREE,FREE,FREE,5
fellowoso,FREE,FREE,REG,FREE,FREE,4
fellowping,FREE,FREE,FREE,FREE,REG,4
fellowpop,FREE,FREE,FREE,FREE,FREE,5
fellowroute,FREE,FREE,REG,FREE,FREE,4
fellowrun,FREE,FREE,FREE,FREE,REG,4
fellowsend,FREE,FREE,FREE,FREE,FREE,5
fellowslide,FREE,FREE,REG,FREE,FREE,4
fellowsplit,FREE,FREE,FREE,FREE,REG,4
fellowspread,FREE,FREE,FREE,FREE,FREE,5
fellowswipe,FREE,FREE,REG,FREE,FREE,4
fellowtap,FREE,FREE,FREE,FREE,REG,4
fellowufy,FREE,FREE,FREE,FREE,FREE,5
fellowwire,FREE,FREE,REG,FREE,FREE,4
fellowzap,FREE,FREE,FREE,FREE,REG,4
flingafy,FREE,FREE,FREE,FREE,FREE,5
flingaly,FREE,FREE,REG,FREE,FREE,4
flingana,FREE,FREE,FREE,FREE,REG,4
flingara,FREE,FREE,FREE,FREE,FREE,5
flingband,FREE,FREE,REG,FREE,FREE,4
flingbank,FREE,FREE,FREE,FREE,REG,4
flingbuck,FREE,FREE,FREE,FREE,FREE,5
flingclan,FREE,FREE,REG,FREE,FREE,4
flingcrew,FREE,FREE,FREE,FREE,REG,4
flingee,FREE,FREE,FREE,FREE,FREE,5
flingema,FREE,FREE,REG,FREE,FREE,4
flingena,FREE,FREE,FREE,FREE,REG,4
flingey,FREE,FREE,FREE,FREE,FREE,5
flingfellow,FREE,FREE,REG,FREE,FREE,4
flingfolk,FREE,FREE,FREE,FREE,REG,4
flingfund,FREE,FREE,FREE,FREE,FREE,5
flingfy,FREE,FREE,REG,FREE,FREE,4
flinggang,FREE,FREE,FREE,FREE,REG,4
flingico,FREE,FREE,FREE,FREE,FREE,5
flingkin,FREE,FREE,REG,FREE,FREE,4
flingklan,FREE,FREE,FREE,FREE,REG,4
flingmoney,FREE,FREE,FREE,FREE,FREE,5
flingona,FREE,FREE,REG,FREE,FREE,4
flingoro,FREE,FREE,FREE,FREE,REG,4
flingpeer,FREE,FREE,FREE,FREE,FREE,5
flingsity,FREE,FREE,REG,FREE,FREE,4
flingsquad,FREE,FREE,FREE,FREE,REG,4
flingufy,FREE,FREE,FREE,FREE,FREE,5
flingvity,FREE,FREE,REG,FREE,FREE,4
flowoso,FREE,FREE,FREE,FREE,REG,4
flowufy,FREE,FREE,FREE,FREE,FREE,5
folkafy,FREE,FREE,REG,FREE,FREE,4
folkblast,FREE,FREE,FREE,FREE,REG,4
folkbuck,FREE,FREE,FREE,FREE,FREE,5
folkbump,FREE,FREE,REG,FREE,FREE,4
folkdash,FREE,FREE,FREE,FREE,REG,4
folkdrop,FREE,FREE,FREE,FREE,FREE,5
folkely,FREE,FREE,REG,FREE,FREE,4
folkena,FREE,FREE,FREE,FREE,REG,4
folkfling,FREE,FREE,FREE,FREE,FREE,5
folkfy,FREE,FREE,REG,FREE,FREE,4
folkico,FREE,FREE,FREE,FREE,REG,4
folkmint,FREE,FREE,FREE,FREE,FREE,5
folkona,FREE,FREE,REG,FREE,FREE,4
folkoro,FREE,FREE,FREE,FREE,REG,4
folkoso,FREE,FREE,FREE,FREE,FREE,5
folkping,FREE,FREE,REG,FREE,FREE,4
folkpush,FREE,FREE,FREE,FREE,REG,4
folkroute,FREE,FREE,FREE,FREE,FREE,5
folksend,FREE,FREE,REG,FREE,FREE,4
folkshoot,FREE,FREE,FREE,FREE,REG,4
folkslide,FREE,FREE,FREE,FREE,FREE,5
folksplit,FREE,FREE,REG,FREE,FREE,4
folkspread,FREE,FREE,FREE,FREE,REG,4
folkswipe,FREE,FREE,FREE,FREE,FREE,5
folkufy,FREE,FREE,REG,FREE,FREE,4
folkzap,FREE,FREE,FREE,FREE,REG,4
folkzip,FREE,FREE,FREE,FREE,FREE,5
freeposse,FREE,FREE,REG,FREE,FREE,4
friendafy,FREE,FREE,FREE,FREE,REG,4
friendaro,FREE,FREE,FREE,FREE,FREE,5
friendema,FREE,FREE,REG,FREE,FREE,4
friendena,FREE,FREE,FREE,FREE,REG,4
friendfling,FREE,FREE,FREE,FREE,FREE,5
friendmint,FREE,FREE,REG,FREE,FREE,4
friendona,FREE,FREE,FREE,FREE,REG,4
friendoso,FREE,FREE,FREE,FREE,FREE,5
friendslide,FREE,FREE,REG,FREE,FREE,4
friendspread,FREE,FREE,ERR,FREE,REG,3
friendufy,FREE,FREE,FREE,FREE,FREE,5
fundfling,FREE,ERR,REG,FREE,FREE,3
fundklan,FREE,FREE,FREE,FREE,REG,4
fundufy,FREE,ERR,FREE,FREE,FREE,4
fundvity,FREE,FREE,ERR,FREE,FREE,4
gangafy,FREE,FREE,ERR,FREE,REG,3
gangbeam,FREE,FREE,FREE,FREE,FREE,5
gangblast,FREE,ERR,REG,FREE,FREE,3
gangbuck,FREE,ERR,FREE,FREE,REG,3
gangcash,FREE,FREE,FREE,FREE,FREE,5
gangcast,FREE,FREE,REG,FREE,FREE,4
gangema,FREE,FREE,FREE,FREE,REG,4
gangena,FREE,FREE,FREE,FREE,FREE,5
gangfling,FREE,FREE,REG,FREE,FREE,4
ganggive,FREE,FREE,FREE,FREE,REG,4
ganghop,FREE,FREE,FREE,FREE,FREE,5
gangico,FREE,FREE,REG,FREE,FREE,4
gangjet,FREE,FREE,FREE,FREE,REG,4
ganglift,FREE,FREE,FREE,FREE,FREE,5
gangmove,FREE,FREE,REG,FREE,FREE,4
gangona,FREE,FREE,FREE,FREE,REG,4
gangoro,FREE,FREE,FREE,FREE,FREE,5
gangpop,FREE,FREE,REG,FREE,FREE,4
gangpost,FREE,FREE,FREE,FREE,REG,4
gangpush,FREE,FREE,FREE,FREE,FREE,5
gangsend,FREE,FREE,REG,FREE,FREE,4
gangshoot,FREE,FREE,FREE,FREE,REG,4
gangsplit,FREE,FREE,FREE,FREE,FREE,5
gangspread,FREE,FREE,REG,FREE,FREE,4
gangtap,FREE,FREE,FREE,FREE,REG,4
gangufy,FREE,FREE,FREE,FREE,FREE,5
gangwire,FREE,FREE,REG,FREE,FREE,4
gangzap,FREE,FREE,FREE,FREE,REG,4
gangzip,FREE,FREE,FREE,FREE,FREE,5
gente,REG,?,?,?,FREE,1
getfriend,FREE,FREE,REG,FREE,FREE,4
getklan,FREE,FREE,FREE,FREE,REG,4
getmoneymate,REG,REG,FREE,FREE,FREE,3
getmoneypal,FREE,FREE,FREE,FREE,FREE,5
getmymate,REG,FREE,FREE,FREE,FREE,4
getmypal,REG,FREE,FREE,FREE,FREE,4
getpaybuddy,REG,FREE,FREE,FREE,FREE,4
getpaymate,PARKED,FREE,FREE,FREE,FREE,4
getsendbuddy,PARKED,FREE,FREE,FREE,FREE,4
getsendmate,FREE,FREE,FREE,FREE,FREE,5
getsendpal,FREE,FREE,FREE,FREE,FREE,5
ghar,REG,?,?,?,FREE,1
giveafy,FREE,FREE,FREE,FREE,FREE,5
giveana,FREE,FREE,REG,FREE,FREE,4
giveara,FREE,FREE,FREE,FREE,REG,4
givearo,FREE,FREE,FREE,FREE,FREE,5
givebuddy,PARKED,FREE,FREE,PARKED,FREE,3
giveclan,FREE,FREE,REG,FREE,FREE,4
giveclub,PARKED,FREE,FREE,FREE,FREE,4
givecrew,REG,FREE,FREE,FREE,FREE,4
giveema,FREE,FREE,FREE,FREE,REG,4
giveena,FREE,FREE,FREE,FREE,FREE,5
givefity,FREE,FREE,REG,FREE,FREE,4
givefolk,FREE,FREE,FREE,FREE,REG,4
givegroup,FREE,FREE,FREE,FREE,FREE,5
givekin,FREE,FREE,REG,FREE,FREE,4
giveklan,FREE,FREE,FREE,FREE,REG,4
giveoso,FREE,FREE,FREE,FREE,FREE,5
givepeer,REG,FREE,FREE,FREE,FREE,4
giveposse,FREE,FREE,REG,FREE,FREE,4
givesity,FREE,FREE,FREE,FREE,REG,4
givesquad,REG,FREE,FREE,FREE,FREE,4
givesta,FREE,FREE,FREE,FREE,FREE,5
giveteam,PARKED,FREE,FREE,FREE,FREE,4
giveufy,FREE,FREE,REG,FREE,FREE,4
givevity,FREE,FREE,FREE,FREE,REG,4
goldafy,FREE,FREE,FREE,FREE,FREE,5
goldklan,FREE,FREE,REG,FREE,FREE,4
goldspread,FREE,FREE,FREE,FREE,REG,4
goldufy,FREE,FREE,FREE,FREE,FREE,5
gopaymate,REG,REG,FREE,FREE,FREE,3
gosendpal,FREE,FREE,FREE,FREE,FREE,5
groupafy,FREE,FREE,REG,FREE,FREE,4
groupaly,FREE,FREE,FREE,FREE,REG,4
groupbuck,FREE,FREE,FREE,FREE,FREE,5
groupbump,FREE,FREE,REG,FREE,FREE,4
groupfling,FREE,FREE,FREE,FREE,REG,4
groupspread,FREE,FREE,FREE,FREE,FREE,5
hallo,REG,?,?,?,FREE,1
hellopaymate,FREE,FREE,FREE,FREE,FREE,5
helloposse,FREE,FREE,REG,FREE,FREE,4
heykin,FREE,REG,FREE,FREE,REG,3
heyklan,FREE,FREE,FREE,FREE,FREE,5
heyposse,FREE,FREE,REG,FREE,FREE,4
hiklan,FREE,FREE,FREE,FREE,REG,4
hipaybuddy,FREE,FREE,FREE,FREE,FREE,5
hipaymate,FREE,FREE,FREE,FREE,FREE,5
hisendmate,FREE,FREE,FREE,FREE,FREE,5
hisendpal,FREE,FREE,FREE,FREE,FREE,5
holaband,FREE,FREE,FREE,FREE,FREE,5
holabuck,FREE,REG,REG,FREE,FREE,3
holaclan,FREE,FREE,FREE,FREE,REG,4
holagang,FREE,FREE,FREE,FREE,FREE,5
holakin,FREE,FREE,REG,FREE,FREE,4
holaklan,FREE,FREE,FREE,FREE,REG,4
holamint,FREE,FREE,FREE,FREE,FREE,5
holapeer,FREE,FREE,REG,FREE,FREE,4
holaring,FREE,FREE,FREE,FREE,REG,4
holasquad,FREE,FREE,FREE,FREE,FREE,5
hopafy,FREE,FREE,REG,FREE,FREE,4
hopbuck,FREE,FREE,FREE,FREE,REG,4
hopfellow,FREE,FREE,FREE,FREE,FREE,5
hopfity,FREE,FREE,REG,FREE,FREE,4
hopfriend,FREE,FREE,FREE,FREE,REG,4
hopklan,FREE,FREE,FREE,FREE,FREE,5
hopmint,FREE,FREE,REG,FREE,FREE,4
hopona,FREE,FREE,FREE,FREE,REG,4
hopposse,FREE,FREE,FREE,FREE,FREE,5
hopring,FREE,FREE,REG,FREE,FREE,4
hopvity,FREE,FREE,FREE,FREE,REG,4
hubbump,FREE,FREE,FREE,FREE,FREE,5
hubema,FREE,FREE,REG,FREE,FREE,4
hubfling,FREE,FREE,FREE,FREE,REG,4
hubona,FREE,FREE,FREE,FREE,FREE,5
hubswipe,FREE,FREE,REG,FREE,FREE,4
hubufy,FREE,FREE,FREE,FREE,REG,4
insieme,?,?,?,?,FREE,1
instantclan,FREE,FREE,FREE,FREE,FREE,5
instantfolk,FREE,FREE,REG,FREE,FREE,4
instantgang,FREE,FREE,FREE,FREE,REG,4
instantkin,FREE,FREE,FREE,FREE,FREE,5
instantklan,FREE,FREE,REG,FREE,FREE,4
instantposse,FREE,FREE,FREE,FREE,REG,4
jetaro,FREE,FREE,FREE,FREE,FREE,5
jetely,FREE,FREE,REG,FREE,FREE,4
jetfity,FREE,FREE,FREE,FREE,REG,4
jetklan,FREE,FREE,FREE,FREE,FREE,5
jetposse,FREE,FREE,REG,FREE,FREE,4
jetvity,FREE,FREE,FREE,FREE,REG,4
joinfling,FREE,FREE,FREE,FREE,FREE,5
joinklan,FREE,FREE,REG,FREE,FREE,4
joinmoneymate,FREE,FREE,FREE,FREE,FREE,5
joinmoneypal,FREE,FREE,FREE,FREE,FREE,5
joinmypal,REG,FREE,FREE,FREE,FREE,4
joinpaybuddy,FREE,FREE,FREE,FREE,FREE,5
joinpaymate,REG,FREE,FREE,FREE,FREE,4
joinsendbuddy,FREE,FREE,FREE,FREE,FREE,5
joinsendmate,FREE,FREE,FREE,FREE,FREE,5
joinsendpal,FREE,FREE,FREE,FREE,FREE,5
joinshare,FREE,FREE,FREE,FREE,REG,4
joinshoot,FREE,FREE,FREE,FREE,FREE,5
justklan,FREE,FREE,REG,FREE,FREE,4
justposse,FREE,FREE,FREE,FREE,REG,4
kabayan,?,?,?,?,FREE,1
keepbeam,FREE,FREE,FREE,FREE,FREE,5
keepblast,FREE,FREE,REG,FREE,FREE,4
keepbuck,FREE,FREE,FREE,FREE,REG,4
keepbump,FREE,FREE,FREE,FREE,FREE,5
keepclan,FREE,FREE,REG,FREE,FREE,4
keepfellow,FREE,FREE,FREE,FREE,REG,4
keepfling,FREE,FREE,FREE,FREE,FREE,5
keepgang,FREE,FREE,REG,FREE,FREE,4
keephop,FREE,FREE,FREE,FREE,REG,4
keepposse,FREE,FREE,FREE,FREE,FREE,5
keepshoot,FREE,FREE,REG,FREE,FREE,4
keepspread,FREE,FREE,FREE,FREE,REG,4
keepsquad,FREE,FREE,FREE,FREE,FREE,5
keeptribe,FREE,FREE,REG,FREE,FREE,4
kin,REG,REG,REG,REG,FREE,1
kinafy,FREE,FREE,FREE,FREE,REG,4
kinblast,FREE,FREE,FREE,FREE,FREE,5
kinbump,FREE,FREE,REG,FREE,FREE,4
kinfling,FREE,FREE,FREE,FREE,REG,4
kinslide,FREE,FREE,FREE,FREE,FREE,5
kinsplit,FREE,FREE,REG,FREE,FREE,4
kinspread,FREE,FREE,FREE,FREE,REG,4
kinswipe,FREE,FREE,FREE,FREE,FREE,5
kinufy,FREE,FREE,REG,FREE,FREE,4
klanafy,FREE,FREE,FREE,FREE,REG,4
klanaly,FREE,FREE,FREE,FREE,FREE,5
klanana,FREE,FREE,REG,FREE,FREE,4
klanbank,FREE,FREE,FREE,FREE,REG,4
klanbeam,FREE,FREE,FREE,FREE,FREE,5
klanblast,FREE,FREE,REG,FREE,FREE,4
klanbuck,FREE,FREE,FREE,FREE,REG,4
klanbump,FREE,FREE,FREE,FREE,FREE,5
klancast,FREE,FREE,REG,FREE,FREE,4
klandash,FREE,FREE,FREE,FREE,REG,4
klandrop,FREE,FREE,FREE,FREE,FREE,5
klanely,FREE,FREE,REG,FREE,FREE,4
klanena,FREE,FREE,FREE,FREE,REG,4
klanfling,FREE,FREE,FREE,FREE,FREE,5
klanflow,FREE,FREE,REG,FREE,FREE,4
klanfund,FREE,FREE,FREE,FREE,REG,4
klanfy,FREE,FREE,FREE,FREE,FREE,5
klanhop,FREE,FREE,REG,FREE,FREE,4
klanico,FREE,FREE,FREE,FREE,REG,4
klanjet,FREE,FREE,FREE,FREE,FREE,5
klanlift,FREE,FREE,REG,FREE,FREE,4
klanlink,FREE,FREE,FREE,FREE,REG,4
klanmint,FREE,FREE,FREE,FREE,FREE,5
klanmove,FREE,FREE,REG,FREE,FREE,4
klanona,FREE,FREE,FREE,FREE,REG,4
klanoro,FREE,FREE,FREE,FREE,FREE,5
klanoso,FREE,FREE,REG,FREE,FREE,4
klanping,FREE,FREE,FREE,FREE,REG,4
klanpop,FREE,FREE,FREE,FREE,FREE,5
klanpost,FREE,FREE,REG,FREE,FREE,4
klanpush,FREE,FREE,FREE,FREE,REG,4
klanroute,FREE,FREE,FREE,FREE,FREE,5
klansend,FREE,FREE,REG,FREE,FREE,4
klanshare,FREE,FREE,FREE,FREE,REG,4
klanship,FREE,FREE,FREE,FREE,FREE,5
klanshoot,FREE,FREE,REG,FREE,FREE,4
klanslide,FREE,FREE,FREE,FREE,REG,4
klansplit,FREE,FREE,FREE,FREE,FREE,5
klanspread,FREE,FREE,REG,FREE,FREE,4
klanstream,FREE,FREE,FREE,FREE,REG,4
klanswap,FREE,FREE,FREE,FREE,FREE,5
klanswipe,FREE,FREE,REG,FREE,FREE,4
klanufy,FREE,FREE,FREE,FREE,REG,4
klanwire,FREE,FREE,FREE,FREE,FREE,5
klanzap,FREE,FREE,REG,FREE,FREE,4
klanzip,FREE,FREE,FREE,FREE,REG,4
letband,FREE,FREE,FREE,FREE,FREE,5
letbuck,FREE,FREE,REG,FREE,FREE,4
letclan,FREE,FREE,FREE,FREE,REG,4
letdash,FREE,FREE,FREE,FREE,FREE,5
letfam,FREE,FREE,REG,FREE,FREE,4
letfellow,FREE,FREE,FREE,FREE,REG,4
letfling,FREE,FREE,FREE,FREE,FREE,5
letfolk,FREE,FREE,REG,FREE,FREE,4
letfriend,FREE,FREE,FREE,FREE,REG,4
letgang,FREE,FREE,FREE,FREE,FREE,5
letkin,FREE,FREE,REG,FREE,FREE,4
letpeer,FREE,FREE,FREE,FREE,REG,4
letposse,FREE,FREE,FREE,FREE,FREE,5
letsgive,PARKED,PARKED,FREE,FREE,FREE,3
letshoot,FREE,FREE,REG,FREE,FREE,4
letspay,REG,PARKED,REG,REG,FREE,1
letspaymate,FREE,FREE,FREE,FREE,FREE,5
letssend,REG,FREE,FREE,FREE,FREE,4
letssendpal,FREE,FREE,FREE,FREE,FREE,5
lettribe,FREE,FREE,FREE,FREE,REG,4
letzip,FREE,FREE,FREE,FREE,FREE,5
lien,REG,?,?,?,FREE,1
liftafy,FREE,FREE,REG,FREE,FREE,4
liftbuck,FREE,FREE,FREE,FREE,REG,4
liftema,FREE,FREE,FREE,FREE,FREE,5
liftfellow,FREE,FREE,REG,FREE,FREE,4
liftfity,FREE,FREE,FREE,FREE,REG,4
liftfolk,FREE,FREE,FREE,FREE,FREE,5
liftkin,FREE,FREE,REG,FREE,FREE,4
liftklan,FREE,FREE,FREE,FREE,REG,4
liftoso,FREE,FREE,FREE,FREE,FREE,5
liftparty,FREE,FREE,REG,FREE,FREE,4
liftposse,FREE,FREE,FREE,FREE,REG,4
liftsity,FREE,FREE,FREE,FREE,FREE,5
liftsta,FREE,FREE,REG,FREE,FREE,4
liftufy,FREE,FREE,FREE,FREE,REG,4
liftvity,FREE,FREE,FREE,FREE,FREE,5
linkfity,FREE,FREE,REG,FREE,FREE,4
linkklan,FREE,FREE,FREE,FREE,REG,4
linkposse,FREE,FREE,FREE,FREE,FREE,5
linkvity,FREE,FREE,REG,FREE,FREE,4
makebump,FREE,FREE,FREE,FREE,REG,4
makeclan,FREE,FREE,FREE,FREE,FREE,5
makefam,FREE,FREE,REG,FREE,FREE,4
makefellow,FREE,FREE,FREE,FREE,REG,4
makefling,FREE,FREE,FREE,FREE,FREE,5
makegang,FREE,FREE,REG,FREE,FREE,4
makeklan,FREE,FREE,FREE,FREE,REG,4
makepeer,FREE,FREE,FREE,FREE,FREE,5
makeshoot,FREE,FREE,REG,FREE,FREE,4
makespread,FREE,FREE,FREE,FREE,REG,4
mateafy,FREE,FREE,FREE,FREE,FREE,5
matealy,FREE,FREE,REG,FREE,FREE,4
mateana,FREE,FREE,FREE,FREE,REG,4
mateara,FREE,FREE,FREE,FREE,FREE,5
matebeam,FREE,FREE,REG,FREE,FREE,4
mateblast,FREE,FREE,FREE,FREE,REG,4
matebuck,FREE,FREE,FREE,FREE,FREE,5
matebump,FREE,FREE,REG,FREE,FREE,4
matecoin,REG,FREE,FREE,FREE,FREE,4
mateely,FREE,FREE,FREE,FREE,REG,4
matefling,FREE,FREE,FREE,FREE,FREE,5
mateoso,FREE,FREE,REG,FREE,FREE,4
matepay,REG,REG,FREE,REG,FREE,2
matepop,FREE,FREE,FREE,FREE,REG,4
materoute,FREE,FREE,FREE,FREE,FREE,5
matesend,REG,FREE,FREE,FREE,FREE,4
mateshoot,FREE,FREE,REG,FREE,FREE,4
mateslide,FREE,FREE,FREE,FREE,REG,4
matesplit,FREE,FREE,FREE,FREE,FREE,5
matespread,FREE,FREE,REG,FREE,FREE,4
mateswipe,FREE,FREE,FREE,FREE,REG,4
matetip,REG,FREE,FREE,FREE,FREE,4
mateufy,FREE,FREE,FREE,FREE,FREE,5
matezap,FREE,FREE,REG,FREE,FREE,4
matezip,FREE,FREE,FREE,FREE,REG,4
meetclan,FREE,FREE,FREE,FREE,FREE,5
meetfling,FREE,FREE,REG,FREE,FREE,4
meetgang,FREE,FREE,FREE,FREE,REG,4
meetmymate,REG,FREE,FREE,FREE,FREE,4
meetmypal,PARKED,PARKED,FREE,FREE,FREE,3
meetpaymate,FREE,FREE,FREE,FREE,FREE,5
meetposse,FREE,FREE,FREE,FREE,FREE,5
meetsendmate,FREE,FREE,FREE,FREE,FREE,5
meetsendpal,FREE,FREE,FREE,FREE,FREE,5
meetspread,FREE,FREE,REG,FREE,FREE,4
mello,REG,REG,PARKED,REG,FREE,1
mintema,FREE,FREE,FREE,FREE,REG,4
mintfam,FREE,FREE,FREE,FREE,FREE,5
mintgive,FREE,FREE,REG,FREE,FREE,4
mintklan,FREE,FREE,FREE,FREE,REG,4
mintnet,FREE,FREE,FREE,REG,FREE,4
mintposse,FREE,FREE,REG,FREE,FREE,4
mintslide,FREE,FREE,FREE,FREE,REG,4
mintspread,FREE,FREE,FREE,FREE,FREE,5
moneyema,FREE,FREE,REG,FREE,FREE,4
moneyena,FREE,FREE,FREE,FREE,REG,4
moneyia,FREE,FREE,FREE,FREE,FREE,5
moneyklan,FREE,FREE,REG,FREE,FREE,4
moneymate,REG,FREE,REG,REG,FREE,2
moneyona,FREE,FREE,FREE,FREE,REG,4
moneyoro,FREE,FREE,FREE,FREE,FREE,5
moneyoso,FREE,FREE,REG,FREE,FREE,4
moneypal,REG,PARKED,FREE,REG,FREE,2
moneyposse,FREE,FREE,FREE,FREE,REG,4
moneyufy,FREE,FREE,FREE,FREE,FREE,5
moveafy,FREE,FREE,REG,FREE,FREE,4
movealy,FREE,FREE,FREE,FREE,REG,4
movebuck,FREE,FREE,FREE,FREE,FREE,5
movefellow,FREE,FREE,REG,FREE,FREE,4
movefity,FREE,FREE,FREE,FREE,REG,4
movegang,FREE,FREE,FREE,FREE,FREE,5
moveico,FREE,FREE,REG,FREE,FREE,4
moveklan,FREE,FREE,FREE,FREE,REG,4
moveoro,FREE,FREE,FREE,FREE,FREE,5
moveoso,FREE,FREE,REG,FREE,FREE,4
movepeer,FREE,FREE,FREE,FREE,REG,4
moveposse,FREE,FREE,FREE,FREE,FREE,5
movevity,FREE,FREE,REG,FREE,FREE,4
mygivebuddy,FREE,FREE,FREE,FREE,REG,4
mygivefriend,FREE,FREE,FREE,FREE,FREE,5
mygivepal,FREE,FREE,REG,FREE,FREE,4
mymate,PARKED,REG,FREE,PARKED,FREE,2
mypal,REG,REG,FREE,PARKED,FREE,2
mypayfriend,FREE,FREE,FREE,FREE,REG,4
mysendbuddy,FREE,FREE,FREE,FREE,FREE,5
noi,REG,?,?,?,FREE,1
nowbuck,FREE,FREE,REG,FREE,FREE,4
nowfam,FREE,FREE,FREE,FREE,REG,4
nowfellow,FREE,FREE,FREE,FREE,FREE,5
nowfling,FREE,FREE,REG,FREE,FREE,4
nowgang,FREE,FREE,FREE,FREE,REG,4
nowposse,FREE,FREE,FREE,FREE,FREE,5
nowspread,FREE,FREE,REG,FREE,FREE,4
nyumbani,REG,?,?,?,FREE,1
olabuck,FREE,FREE,FREE,FREE,REG,4
olacircle,FREE,FREE,FREE,FREE,FREE,5
olaclan,FREE,FREE,REG,FREE,FREE,4
olaclub,FREE,FREE,FREE,FREE,REG,4
olafellow,FREE,FREE,FREE,FREE,FREE,5
olafolk,FREE,FREE,REG,FREE,FREE,4
olaklan,FREE,FREE,FREE,FREE,REG,4
olamint,FREE,FREE,FREE,FREE,FREE,5
olapeer,FREE,FREE,REG,FREE,FREE,4
olaposse,FREE,FREE,FREE,FREE,REG,4
olaring,FREE,FREE,FREE,FREE,FREE,5
olasquad,FREE,FREE,REG,FREE,FREE,4
ourfellow,FREE,FREE,FREE,FREE,REG,4
ourgivebuddy,FREE,FREE,FREE,FREE,FREE,5
ourgivemate,FREE,FREE,REG,FREE,FREE,4
ourgivepal,FREE,FREE,FREE,FREE,REG,4
ourpaybuddy,FREE,FREE,FREE,FREE,FREE,5
ourpaymate,FREE,FREE,REG,FREE,FREE,4
ourpaypal,FREE,FREE,FREE,FREE,REG,4
oursendbuddy,FREE,FREE,FREE,FREE,FREE,5
oursendmate,FREE,FREE,REG,FREE,FREE,4
oursendpal,FREE,FREE,FREE,FREE,REG,4
palafy,FREE,FREE,FREE,FREE,FREE,5
palbeam,FREE,FREE,REG,FREE,FREE,4
palbump,FREE,FREE,FREE,FREE,REG,4
palfling,FREE,FREE,FREE,FREE,FREE,5
palpay,REG,PARKED,FREE,REG,FREE,2
palroute,FREE,FREE,REG,FREE,FREE,4
palshoot,FREE,FREE,FREE,FREE,REG,4
palslide,FREE,FREE,FREE,FREE,FREE,5
palspread,FREE,FREE,REG,FREE,FREE,4
palswipe,FREE,FREE,FREE,FREE,REG,4
palufy,FREE,FREE,FREE,FREE,FREE,5
pamilya,?,?,?,?,FREE,1
partyafy,FREE,FREE,REG,FREE,FREE,4
partyaly,FREE,FREE,FREE,FREE,REG,4
partyaro,FREE,FREE,FREE,FREE,FREE,5
partybuck,FREE,FREE,REG,FREE,FREE,4
partyema,FREE,FREE,FREE,FREE,REG,4
partyena,FREE,FREE,FREE,FREE,FREE,5
partygive,FREE,FREE,REG,FREE,FREE,4
partyico,FREE,FREE,FREE,FREE,REG,4
partyona,FREE,FREE,FREE,FREE,FREE,5
partyoro,FREE,FREE,REG,FREE,FREE,4
partyufy,FREE,FREE,FREE,FREE,REG,4
paybuddy,PARKED,REG,FREE,PARKED,FREE,2
payclub,REG,FREE,FREE,REG,FREE,3
paycrew,PARKED,FREE,FREE,REG,FREE,3
payday,REG,REG,PARKED,REG,FREE,1
payfriend,REG,FREE,FREE,REG,FREE,3
payify,REG,PARKED,FREE,REG,FREE,2
payklan,FREE,FREE,FREE,FREE,FREE,5
paylo,REG,REG,FREE,FREE,FREE,3
paymate,REG,REG,FREE,REG,FREE,2
paymates,PARKED,PARKED,FREE,FREE,FREE,3
paynow,REG,REG,REG,REG,FREE,1
paypeer,REG,REG,FREE,PARKED,FREE,2
paysquad,REG,FREE,FREE,FREE,FREE,4
payteam,REG,FREE,FREE,REG,FREE,3
peerafy,FREE,FREE,REG,FREE,FREE,4
peeraly,FREE,FREE,FREE,FREE,REG,4
peerara,FREE,FREE,FREE,FREE,FREE,5
peerbuck,FREE,FREE,REG,FREE,FREE,4
peerbump,FREE,FREE,FREE,FREE,REG,4
peerdrop,PARKED,REG,FREE,REG,FREE,2
peerena,FREE,FREE,FREE,FREE,FREE,5
peerico,FREE,FREE,REG,FREE,FREE,4
peerify,REG,REG,FREE,REG,FREE,2
peerona,FREE,FREE,FREE,FREE,REG,4
peeroro,FREE,FREE,FREE,FREE,FREE,5
peeroso,FREE,FREE,REG,FREE,FREE,4
peerpay,REG,PARKED,FREE,PARKED,PARKED,1
peersend,REG,REG,FREE,REG,FREE,2
peershoot,FREE,FREE,FREE,FREE,REG,4
peertip,PARKED,FREE,FREE,FREE,FREE,4
peerufy,FREE,FREE,FREE,ERR,FREE,4
peerzip,FREE,FREE,REG,FREE,FREE,4
piazza,REG,?,?,?,FREE,1
ping,REG,REG,REG,REG,FREE,1
pingaly,FREE,FREE,FREE,FREE,REG,4
pingband,FREE,FREE,FREE,FREE,FREE,5
pingclan,FREE,FREE,REG,FREE,FREE,4
pingema,FREE,FREE,FREE,FREE,REG,4
pingfellow,FREE,FREE,FREE,FREE,FREE,5
pingfity,FREE,FREE,REG,FREE,FREE,4
pingklan,FREE,FREE,FREE,FREE,REG,4
pingoso,FREE,FREE,FREE,FREE,FREE,5
pingposse,FREE,FREE,REG,FREE,FREE,4
pingsity,FREE,FREE,FREE,FREE,REG,4
popema,FREE,FREE,FREE,FREE,FREE,5
popfity,FREE,FREE,REG,FREE,FREE,4
popsity,FREE,FREE,FREE,FREE,REG,4
popvity,FREE,FREE,FREE,FREE,FREE,5
possealy,FREE,FREE,REG,FREE,FREE,4
posseana,FREE,FREE,FREE,FREE,REG,4
posseara,FREE,FREE,FREE,FREE,FREE,5
possearo,FREE,FREE,REG,FREE,FREE,4
possebank,FREE,FREE,FREE,FREE,REG,4
posseblast,FREE,FREE,FREE,FREE,FREE,5
possebuck,FREE,FREE,REG,FREE,FREE,4
possebump,FREE,FREE,FREE,FREE,REG,4
possecash,FREE,FREE,FREE,FREE,FREE,5
possecast,FREE,FREE,REG,FREE,FREE,4
possedash,FREE,FREE,FREE,FREE,REG,4
possedrop,FREE,FREE,FREE,FREE,FREE,5
posseely,FREE,FREE,REG,FREE,FREE,4
posseema,FREE,FREE,FREE,FREE,REG,4
posseena,FREE,FREE,FREE,FREE,FREE,5
posseflow,FREE,FREE,REG,FREE,FREE,4
possefund,FREE,FREE,FREE,FREE,REG,4
possegive,FREE,FREE,FREE,FREE,FREE,5
possegold,FREE,FREE,REG,FREE,FREE,4
posseia,FREE,FREE,FREE,FREE,REG,4
posseico,FREE,FREE,FREE,FREE,FREE,5
posseify,FREE,FREE,REG,FREE,FREE,4
posseio,FREE,FREE,FREE,FREE,REG,4
possejet,FREE,FREE,FREE,FREE,FREE,5
posselink,FREE,FREE,REG,FREE,FREE,4
possemint,FREE,FREE,FREE,FREE,REG,4
possemoney,FREE,FREE,FREE,FREE,FREE,5
possemove,FREE,FREE,REG,FREE,FREE,4
posseona,FREE,FREE,FREE,FREE,REG,4
posseoro,FREE,FREE,FREE,FREE,FREE,5
posseoso,FREE,FREE,REG,FREE,FREE,4
posseping,FREE,FREE,FREE,FREE,REG,4
possepost,FREE,FREE,FREE,FREE,FREE,5
possepush,FREE,FREE,REG,FREE,FREE,4
posseroute,FREE,FREE,FREE,FREE,REG,4
posserun,FREE,FREE,FREE,FREE,FREE,5
possesend,FREE,FREE,REG,FREE,FREE,4
posseship,FREE,FREE,FREE,FREE,REG,4
posseshoot,FREE,FREE,FREE,FREE,FREE,5
posseslide,FREE,FREE,REG,FREE,FREE,4
possesnap,FREE,FREE,FREE,FREE,REG,4
possesplit,FREE,FREE,FREE,FREE,FREE,5
possestream,FREE,FREE,REG,FREE,FREE,4
posseswap,FREE,FREE,FREE,FREE,REG,4
posseswipe,FREE,FREE,FREE,FREE,FREE,5
possetap,FREE,FREE,REG,FREE,FREE,4
posseufy,FREE,FREE,FREE,FREE,REG,4
possezap,FREE,FREE,FREE,FREE,FREE,5
possezip,FREE,FREE,REG,FREE,FREE,4
postfellow,FREE,FREE,FREE,FREE,REG,4
postklan,FREE,FREE,FREE,FREE,FREE,5
postoso,FREE,FREE,REG,FREE,FREE,4
postposse,FREE,FREE,FREE,FREE,REG,4
postsity,FREE,FREE,FREE,FREE,FREE,5
poststa,FREE,FREE,REG,FREE,FREE,4
postufy,FREE,FREE,FREE,FREE,REG,4
postvity,FREE,FREE,FREE,FREE,FREE,5
pushafy,FREE,FREE,REG,FREE,FREE,4
pushaly,FREE,FREE,FREE,FREE,REG,4
pushena,FREE,FREE,FREE,FREE,FREE,5
pushfam,FREE,FREE,REG,FREE,FREE,4
pushfellow,FREE,FREE,FREE,FREE,REG,4
pushfity,FREE,FREE,FREE,FREE,FREE,5
pushfriend,FREE,FREE,REG,FREE,FREE,4
pushgang,FREE,FREE,FREE,FREE,REG,4
pushklan,FREE,FREE,FREE,FREE,FREE,5
pushoro,FREE,FREE,REG,FREE,FREE,4
pushoso,FREE,FREE,FREE,FREE,REG,4
pushposse,FREE,FREE,FREE,FREE,FREE,5
pushsta,FREE,FREE,REG,FREE,FREE,4
pushvity,FREE,FREE,FREE,FREE,REG,4
quickfellow,FREE,FREE,FREE,FREE,FREE,5
quickfolk,FREE,FREE,REG,FREE,FREE,4
quickgang,FREE,FREE,FREE,FREE,REG,4
quickklan,FREE,FREE,FREE,FREE,FREE,5
rafiki,REG,?,?,?,FREE,1
rete,REG,?,?,?,FREE,1
ringafy,FREE,FREE,REG,FREE,FREE,4
ringbuck,FREE,FREE,FREE,FREE,REG,4
ringbump,FREE,FREE,FREE,FREE,FREE,5
ringona,FREE,FREE,REG,FREE,FREE,4
ringoso,FREE,FREE,FREE,FREE,REG,4
ringshoot,FREE,FREE,FREE,FREE,FREE,5
ringsplit,FREE,FREE,REG,FREE,FREE,4
ringspread,FREE,FREE,FREE,FREE,REG,4
ringufy,FREE,FREE,FREE,FREE,FREE,5
ringzip,FREE,FREE,REG,FREE,FREE,4
routealy,FREE,FREE,FREE,FREE,REG,4
routeana,FREE,FREE,FREE,FREE,FREE,5
routeara,FREE,FREE,REG,FREE,FREE,4
routeband,FREE,FREE,FREE,FREE,REG,4
routebuck,FREE,FREE,FREE,FREE,FREE,5
routeclan,FREE,FREE,REG,FREE,FREE,4
routeely,FREE,FREE,FREE,FREE,REG,4
routeema,FREE,FREE,FREE,FREE,FREE,5
routefam,FREE,FREE,REG,FREE,FREE,4
routefellow,FREE,FREE,FREE,FREE,REG,4
routefity,FREE,FREE,FREE,FREE,FREE,5
routefolk,FREE,FREE,REG,FREE,FREE,4
routegang,FREE,FREE,FREE,FREE,REG,4
routeico,FREE,FREE,FREE,FREE,FREE,5
routeie,FREE,FREE,REG,FREE,FREE,4
routekin,FREE,FREE,FREE,FREE,REG,4
routeona,FREE,FREE,FREE,FREE,FREE,5
routeoro,FREE,FREE,REG,FREE,FREE,4
routeoso,FREE,FREE,FREE,FREE,REG,4
routeparty,FREE,FREE,FREE,FREE,FREE,5
routeposse,FREE,FREE,REG,FREE,FREE,4
routesity,FREE,FREE,FREE,FREE,REG,4
routetribe,FREE,FREE,FREE,FREE,FREE,5
routeufy,FREE,FREE,REG,FREE,FREE,4
routevity,FREE,FREE,FREE,FREE,REG,4
runbump,FREE,FREE,FREE,FREE,FREE,5
runema,FREE,FREE,REG,FREE,FREE,4
runfling,FREE,FREE,FREE,FREE,REG,4
runklan,FREE,FREE,FREE,FREE,FREE,5
runposse,FREE,FREE,REG,FREE,FREE,4
runspread,FREE,FREE,FREE,FREE,REG,4
runufy,FREE,FREE,FREE,FREE,FREE,5
safefolk,FREE,FREE,REG,FREE,FREE,4
safeklan,FREE,FREE,FREE,FREE,REG,4
sendbuddy,REG,PARKED,FREE,PARKED,FREE,2
sendclan,FREE,FREE,FREE,FREE,FREE,5
sendclub,REG,FREE,FREE,FREE,FREE,4
sendcrew,REG,FREE,FREE,FREE,FREE,4
sendday,REG,FREE,FREE,FREE,FREE,4
sendfellow,FREE,FREE,REG,FREE,FREE,4
sendify,REG,REG,FREE,PARKED,FREE,2
sendklan,FREE,FREE,FREE,FREE,REG,4
sendpal,REG,PARKED,FREE,REG,FREE,2
sendpeer,REG,FREE,FREE,FREE,FREE,4
sendposse,FREE,FREE,FREE,FREE,FREE,5
sendsquad,REG,FREE,FREE,REG,FREE,3
sendsta,FREE,FREE,REG,FREE,FREE,4
sendteam,PARKED,FREE,FREE,FREE,FREE,4
sendvity,FREE,FREE,FREE,FREE,REG,4
sharea,FREE,PARKED,FREE,REG,FREE,3
shareana,FREE,FREE,REG,FREE,FREE,4
shareara,FREE,FREE,FREE,FREE,REG,4
sharearo,FREE,FREE,FREE,FREE,FREE,5
shareema,FREE,FREE,REG,FREE,FREE,4
shareey,FREE,FREE,FREE,FREE,REG,4
sharefellow,FREE,FREE,FREE,FREE,FREE,5
sharefity,FREE,FREE,REG,FREE,FREE,4
shareklan,FREE,FREE,FREE,FREE,REG,4
shareoro,FREE,FREE,FREE,FREE,FREE,5
shareoso,FREE,FREE,REG,FREE,FREE,4
shareposse,FREE,FREE,FREE,FREE,REG,4
sharesity,FREE,FREE,FREE,FREE,FREE,5
shareufy,FREE,FREE,REG,FREE,FREE,4
sharevity,FREE,FREE,FREE,FREE,REG,4
shipena,FREE,FREE,FREE,FREE,FREE,5
shipfity,FREE,FREE,REG,FREE,FREE,4
shipklan,FREE,FREE,FREE,FREE,REG,4
shipposse,FREE,FREE,FREE,FREE,FREE,5
shipvity,FREE,FREE,REG,FREE,FREE,4
shootafy,FREE,FREE,FREE,FREE,REG,4
shootaly,FREE,FREE,FREE,FREE,FREE,5
shootaro,FREE,FREE,REG,FREE,FREE,4
shootband,FREE,FREE,FREE,FREE,REG,4
shootbuck,FREE,FREE,FREE,FREE,FREE,5
shootclan,FREE,FREE,REG,FREE,FREE,4
shootely,FREE,FREE,FREE,FREE,REG,4
shootema,FREE,FREE,FREE,FREE,FREE,5
shootena,FREE,FREE,REG,FREE,FREE,4
shootey,FREE,FREE,FREE,FREE,REG,4
shootfellow,FREE,FREE,FREE,FREE,FREE,5
shootfity,FREE,FREE,REG,FREE,FREE,4
shootfolk,FREE,FREE,FREE,FREE,REG,4
shootfriend,FREE,FREE,FREE,FREE,FREE,5
shootgang,FREE,FREE,REG,FREE,FREE,4
shootkin,FREE,FREE,FREE,FREE,REG,4
shootklan,FREE,FREE,FREE,FREE,FREE,5
shootmint,FREE,FREE,REG,FREE,FREE,4
shootoro,FREE,FREE,FREE,FREE,REG,4
shootoso,FREE,FREE,FREE,FREE,FREE,5
shootposse,FREE,FREE,REG,FREE,FREE,4
shootsity,FREE,FREE,FREE,FREE,REG,4
shootsquad,FREE,FREE,FREE,FREE,FREE,5
shoottribe,FREE,FREE,REG,FREE,FREE,4
shootufy,FREE,FREE,FREE,FREE,REG,4
shootvity,FREE,FREE,FREE,FREE,FREE,5
slickblast,FREE,FREE,REG,FREE,FREE,4
slickcircle,FREE,FREE,FREE,FREE,REG,4
slickclan,FREE,FREE,FREE,FREE,FREE,5
slickfellow,FREE,FREE,REG,FREE,FREE,4
slickfolk,FREE,FREE,FREE,FREE,REG,4
slickfriend,FREE,FREE,FREE,FREE,FREE,5
slickgang,FREE,FREE,REG,FREE,FREE,4
slickhop,FREE,FREE,FREE,FREE,REG,4
slickklan,FREE,FREE,FREE,FREE,FREE,5
slickping,FREE,FREE,REG,FREE,FREE,4
slickposse,FREE,FREE,FREE,FREE,REG,4
slickroute,FREE,FREE,FREE,FREE,FREE,5
slicksplit,FREE,FREE,REG,FREE,FREE,4
slickspread,FREE,FREE,FREE,FREE,REG,4
slickzap,FREE,FREE,FREE,FREE,FREE,5
slideafy,FREE,FREE,REG,FREE,FREE,4
slideana,FREE,FREE,FREE,FREE,REG,4
slideara,FREE,FREE,FREE,FREE,FREE,5
slidearo,FREE,FREE,REG,FREE,FREE,4
slideclan,FREE,FREE,FREE,FREE,REG,4
slideely,FREE,FREE,FREE,FREE,FREE,5
slideema,FREE,FREE,REG,FREE,FREE,4
slideena,FREE,FREE,FREE,FREE,REG,4
slideey,FREE,FREE,FREE,FREE,FREE,5
slidefellow,FREE,FREE,REG,FREE,FREE,4
slidefity,FREE,FREE,FREE,FREE,REG,4
slidegang,FREE,FREE,FREE,FREE,FREE,5
slideie,FREE,FREE,REG,FREE,FREE,4
slidekin,FREE,FREE,FREE,FREE,REG,4
slideklan,FREE,FREE,FREE,FREE,FREE,5
slideoro,FREE,FREE,REG,FREE,FREE,4
slideoso,FREE,FREE,FREE,FREE,REG,4
slideposse,FREE,FREE,FREE,FREE,FREE,5
slidesity,FREE,FREE,REG,FREE,FREE,4
slidesta,FREE,FREE,FREE,FREE,REG,4
slideufy,FREE,FREE,FREE,FREE,FREE,5
slidevity,FREE,FREE,REG,FREE,FREE,4
smartklan,FREE,FREE,FREE,FREE,REG,4
smoothclan,FREE,FREE,FREE,FREE,FREE,5
smoothfam,FREE,FREE,REG,FREE,FREE,4
smoothfellow,FREE,FREE,FREE,FREE,REG,4
smoothfling,FREE,FREE,FREE,FREE,FREE,5
smoothgang,FREE,FREE,REG,FREE,FREE,4
smoothhop,FREE,FREE,FREE,FREE,REG,4
smoothkin,FREE,FREE,FREE,FREE,FREE,5
smoothklan,FREE,FREE,REG,FREE,FREE,4
smoothparty,FREE,FREE,FREE,FREE,REG,4
smoothposse,FREE,FREE,FREE,FREE,FREE,5
smoothring,FREE,FREE,REG,FREE,FREE,4
smoothshoot,FREE,FREE,FREE,FREE,REG,4
smoothspread,FREE,FREE,FREE,FREE,FREE,5
smoothzip,FREE,FREE,REG,FREE,FREE,4
snapema,FREE,FREE,FREE,FREE,REG,4
snapena,FREE,FREE,FREE,FREE,FREE,5
snapfity,FREE,FREE,REG,FREE,FREE,4
snapklan,FREE,FREE,FREE,FREE,REG,4
snapposse,FREE,FREE,FREE,FREE,FREE,5
snapufy,FREE,FREE,REG,FREE,FREE,4
socify,PARKED,REG,FREE,PARKED,FREE,2
sociocoin,PARKED,FREE,FREE,FREE,FREE,4
splitana,FREE,FREE,FREE,FREE,REG,4
splitband,FREE,FREE,FREE,FREE,FREE,5
splitclan,FREE,FREE,REG,FREE,FREE,4
splitema,FREE,FREE,FREE,FREE,REG,4
splitena,FREE,FREE,FREE,FREE,FREE,5
splitfellow,FREE,FREE,REG,FREE,FREE,4
splitfity,FREE,FREE,FREE,FREE,REG,4
splitfolk,FREE,FREE,FREE,FREE,FREE,5
splitona,FREE,FREE,REG,FREE,FREE,4
splitoso,FREE,FREE,FREE,FREE,REG,4
splitposse,FREE,FREE,FREE,FREE,FREE,5
splitsity,FREE,FREE,REG,FREE,FREE,4
splittribe,FREE,FREE,FREE,FREE,REG,4
splitufy,FREE,FREE,FREE,FREE,FREE,5
splitvity,FREE,FREE,REG,FREE,FREE,4
spreadafy,FREE,FREE,FREE,FREE,REG,4
spreadaly,FREE,FREE,FREE,FREE,FREE,5
spreadana,FREE,FREE,REG,FREE,FREE,4
spreadband,FREE,FREE,FREE,FREE,REG,4
spreadbuck,FREE,FREE,FREE,FREE,FREE,5
spreadclan,FREE,FREE,REG,FREE,FREE,4
spreadcrew,FREE,FREE,FREE,FREE,REG,4
spreadema,FREE,FREE,FREE,FREE,FREE,5
spreadena,FREE,FREE,REG,FREE,FREE,4
spreadfam,FREE,FREE,FREE,FREE,REG,4
spreadfellow,FREE,FREE,FREE,FREE,FREE,5
spreadfolk,FREE,FREE,REG,FREE,FREE,4
spreadfriend,FREE,FREE,FREE,FREE,REG,4
spreadico,FREE,FREE,FREE,FREE,FREE,5
spreadkin,FREE,FREE,REG,FREE,FREE,4
spreadklan,FREE,FREE,FREE,FREE,REG,4
spreadona,FREE,FREE,FREE,FREE,FREE,5
spreadoro,FREE,FREE,REG,FREE,FREE,4
spreadparty,FREE,FREE,FREE,FREE,REG,4
spreadpeer,FREE,FREE,FREE,FREE,FREE,5
spreadposse,FREE,FREE,REG,FREE,FREE,4
spreadsity,FREE,FREE,FREE,FREE,REG,4
spreadufy,FREE,FREE,FREE,FREE,FREE,5
spreadvity,FREE,FREE,REG,FREE,FREE,4
squadafy,FREE,FREE,FREE,FREE,REG,4
squadana,FREE,FREE,FREE,FREE,FREE,5
squadara,FREE,FREE,REG,FREE,FREE,4
squadbeam,FREE,FREE,FREE,FREE,REG,4
squadbump,FREE,FREE,FREE,FREE,FREE,5
squaddrop,FREE,FREE,REG,FREE,FREE,4
squadely,FREE,FREE,FREE,FREE,REG,4
squadema,FREE,FREE,FREE,FREE,FREE,5
squadena,FREE,FREE,REG,FREE,FREE,4
squadfling,FREE,FREE,FREE,FREE,REG,4
squadgive,FREE,FREE,FREE,FREE,FREE,5
squadoro,FREE,FREE,REG,FREE,FREE,4
squadoso,FREE,FREE,FREE,FREE,REG,4
squadsend,FREE,FREE,FREE,FREE,FREE,5
squadshoot,FREE,FREE,REG,FREE,FREE,4
squadslide,FREE,FREE,FREE,FREE,REG,4
squadspread,FREE,FREE,FREE,FREE,FREE,5
squadufy,FREE,FREE,REG,FREE,FREE,4
streamema,FREE,FREE,FREE,FREE,REG,4
streamena,FREE,FREE,FREE,FREE,FREE,5
streamfity,FREE,FREE,REG,FREE,FREE,4
streamklan,FREE,FREE,FREE,FREE,REG,4
streamsity,FREE,FREE,FREE,FREE,FREE,5
streamufy,FREE,FREE,REG,FREE,FREE,4
surebump,FREE,FREE,FREE,FREE,REG,4
sureclan,FREE,FREE,FREE,FREE,FREE,5
surefellow,FREE,FREE,REG,FREE,FREE,4
sureposse,FREE,FREE,FREE,FREE,REG,4
swaparo,FREE,FREE,FREE,FREE,FREE,5
swapbuck,FREE,FREE,REG,FREE,FREE,4
swapclan,FREE,FREE,FREE,FREE,REG,4
swapema,FREE,FREE,FREE,FREE,FREE,5
swapfity,FREE,FREE,REG,FREE,FREE,4
swapfolk,FREE,FREE,FREE,FREE,REG,4
swapgang,FREE,FREE,FREE,FREE,FREE,5
swapklan,FREE,FREE,REG,FREE,FREE,4
swaposo,FREE,FREE,FREE,FREE,REG,4
swapposse,FREE,FREE,FREE,FREE,FREE,5
swapufy,FREE,FREE,REG,FREE,FREE,4
swapvity,FREE,FREE,FREE,FREE,REG,4
swiftfellow,FREE,FREE,FREE,FREE,FREE,5
swiftfriend,FREE,FREE,REG,FREE,FREE,4
swiftklan,FREE,FREE,FREE,FREE,REG,4
swiftparty,FREE,FREE,FREE,FREE,FREE,5
swiftposse,FREE,FREE,REG,FREE,FREE,4
swipeafy,FREE,FREE,FREE,FREE,REG,4
swipeana,FREE,FREE,FREE,FREE,FREE,5
swipeara,FREE,FREE,REG,FREE,FREE,4
swipearo,FREE,FREE,FREE,FREE,REG,4
swipeband,FREE,FREE,FREE,FREE,FREE,5
swipeclan,FREE,FREE,REG,FREE,FREE,4
swipeely,FREE,FREE,FREE,FREE,REG,4
swipeema,FREE,FREE,FREE,FREE,FREE,5
swipeena,FREE,FREE,REG,FREE,FREE,4
swipeey,FREE,FREE,FREE,FREE,REG,4
swipefellow,FREE,FREE,FREE,FREE,FREE,5
swipefity,FREE,FREE,REG,FREE,FREE,4
swipefriend,FREE,FREE,FREE,FREE,REG,4
swipeie,FREE,FREE,FREE,FREE,FREE,5
swipeklan,FREE,FREE,REG,FREE,FREE,4
swipeoro,FREE,FREE,FREE,FREE,REG,4
swipeoso,FREE,FREE,FREE,FREE,FREE,5
swipeposse,FREE,FREE,REG,FREE,FREE,4
swipesity,FREE,FREE,FREE,FREE,REG,4
swipeufy,FREE,FREE,FREE,REG,FREE,4
swipevity,FREE,FREE,REG,FREE,FREE,4
tapfellow,FREE,FREE,FREE,FREE,REG,4
tapfity,FREE,FREE,FREE,FREE,FREE,5
tapgang,FREE,FREE,REG,FREE,FREE,4
tapklan,FREE,FREE,FREE,FREE,REG,4
tappal,REG,FREE,FREE,FREE,FREE,4
tapposse,FREE,FREE,FREE,FREE,FREE,5
teamafy,FREE,FREE,REG,FREE,FREE,4
teamema,FREE,FREE,FREE,FREE,REG,4
teamena,FREE,FREE,FREE,FREE,FREE,5
teamfling,FREE,FREE,REG,FREE,FREE,4
teampay,REG,REG,FREE,REG,FREE,2
teamsend,REG,FREE,FREE,FREE,FREE,4
teamtip,PARKED,FREE,FREE,FREE,FREE,4
teamufy,FREE,FREE,FREE,FREE,REG,4
thegivebuddy,FREE,FREE,FREE,FREE,FREE,5
thegivemate,FREE,FREE,REG,FREE,FREE,4
thegivepal,FREE,FREE,FREE,FREE,REG,4
thepaybuddy,FREE,FREE,FREE,FREE,FREE,5
thepayfriend,FREE,FREE,REG,FREE,FREE,4
thepaymate,PARKED,FREE,FREE,FREE,FREE,4
thepaypal,FREE,FREE,FREE,FREE,REG,4
thesendmate,FREE,FREE,FREE,FREE,FREE,5
thesendpal,FREE,FREE,FREE,FREE,FREE,5
tipbuddy,REG,FREE,FREE,FREE,FREE,4
tipify,PARKED,FREE,FREE,REG,FREE,3
tiplink,REG,REG,FREE,REG,FREE,2
tipmate,REG,PARKED,FREE,REG,FREE,2
tippal,REG,REG,FREE,FREE,FREE,3
tipper,REG,REG,FREE,REG,REG,1
tipping,PARKED,PARKED,REG,REG,FREE,1
tiprate,REG,REG,FREE,FREE,FREE,3
tiptap,REG,REG,PARKED,REG,FREE,1
tribeafy,FREE,FREE,FREE,FREE,REG,4
tribeara,FREE,FREE,FREE,FREE,FREE,5
tribearo,FREE,FREE,REG,FREE,FREE,4
tribebeam,FREE,FREE,FREE,FREE,REG,4
tribeely,FREE,FREE,FREE,FREE,FREE,5
tribeema,FREE,FREE,REG,FREE,FREE,4
tribeena,FREE,FREE,FREE,FREE,REG,4
tribefling,FREE,FREE,FREE,FREE,FREE,5
tribehop,FREE,FREE,REG,FREE,FREE,4
tribeia,FREE,FREE,FREE,FREE,REG,4
tribeona,FREE,FREE,FREE,FREE,FREE,5
tribeoso,FREE,FREE,REG,FREE,FREE,4
tribeping,FREE,FREE,FREE,FREE,REG,4
tribeslide,FREE,FREE,FREE,FREE,FREE,5
tribesplit,FREE,FREE,REG,FREE,FREE,4
tribespread,FREE,FREE,FREE,FREE,REG,4
tribeufy,FREE,FREE,FREE,FREE,FREE,5
tribezap,FREE,FREE,REG,FREE,FREE,4
tribify,REG,REG,FREE,REG,FREE,2
tryclan,FREE,FREE,FREE,FREE,REG,4
tryklan,FREE,FREE,FREE,FREE,FREE,5
trymoneymate,FREE,FREE,FREE,FREE,FREE,5
trymoneypal,REG,FREE,FREE,FREE,FREE,4
trymymate,FREE,FREE,FREE,FREE,FREE,5
trymypal,FREE,FREE,FREE,FREE,FREE,5
trypaybuddy,FREE,FREE,FREE,FREE,FREE,5
trypaymate,FREE,FREE,FREE,FREE,FREE,5
tryposse,FREE,FREE,REG,FREE,FREE,4
trysendbuddy,FREE,FREE,FREE,FREE,FREE,5
trysendmate,FREE,FREE,FREE,FREE,FREE,5
trysendpal,FREE,FREE,FREE,FREE,FREE,5
tryshoot,FREE,FREE,FREE,FREE,REG,4
usegang,FREE,FREE,FREE,FREE,FREE,5
usemymate,FREE,FREE,FREE,FREE,FREE,5
usemypal,FREE,FREE,FREE,FREE,FREE,5
usepaybuddy,FREE,FREE,FREE,FREE,FREE,5
usepaymate,FREE,FREE,FREE,FREE,FREE,5
usepeer,FREE,FREE,REG,FREE,FREE,4
useposse,FREE,REG,FREE,FREE,REG,3
usesendbuddy,FREE,FREE,FREE,FREE,FREE,5
usesendmate,FREE,FREE,FREE,FREE,FREE,5
usesendpal,FREE,FREE,FREE,FREE,FREE,5
useshoot,FREE,FREE,FREE,FREE,FREE,5
wallop,REG,REG,FREE,REG,FREE,2
walpal,REG,FREE,FREE,FREE,FREE,4
wegive,REG,PARKED,FREE,PARKED,FREE,2
wesend,REG,REG,PARKED,REG,FREE,1
wireafy,FREE,FREE,REG,FREE,FREE,4
wireana,FREE,FREE,FREE,FREE,REG,4
wireara,FREE,FREE,FREE,FREE,FREE,5
wirebuddy,REG,FREE,FREE,FREE,FREE,4
wireclan,FREE,FREE,REG,FREE,FREE,4
wireely,FREE,FREE,FREE,FREE,REG,4
wireena,FREE,FREE,FREE,FREE,FREE,5
wireey,FREE,FREE,REG,FREE,FREE,4
wirefellow,FREE,FREE,FREE,FREE,REG,4
wirefity,FREE,FREE,FREE,FREE,FREE,5
wireico,FREE,FREE,REG,FREE,FREE,4
wireklan,FREE,FREE,FREE,FREE,REG,4
wireona,FREE,FREE,FREE,FREE,FREE,5
wireoro,FREE,FREE,REG,FREE,FREE,4
wireoso,FREE,FREE,FREE,FREE,REG,4
wirepeer,FREE,FREE,FREE,FREE,FREE,5
wireposse,FREE,FREE,REG,FREE,FREE,4
wiresta,FREE,FREE,FREE,FREE,REG,4
wirevity,FREE,FREE,FREE,FREE,FREE,5
withclan,FREE,FREE,REG,FREE,FREE,4
withfling,FREE,FREE,FREE,FREE,REG,4
withgang,FREE,FREE,FREE,FREE,FREE,5
withklan,FREE,FREE,REG,FREE,FREE,4
withpaymate,FREE,FREE,FREE,FREE,FREE,5
withpeer,FREE,FREE,FREE,FREE,REG,4
withsendpal,FREE,FREE,FREE,FREE,FREE,5
withshoot,FREE,FREE,FREE,FREE,FREE,5
yaar,REG,?,?,?,FREE,1
yourgivepal,FREE,FREE,REG,FREE,FREE,4
yourklan,FREE,FREE,FREE,FREE,REG,4
yourpaymate,FREE,FREE,FREE,FREE,FREE,5
yourpaypal,FREE,FREE,REG,FREE,FREE,4
yoursendmate,FREE,FREE,FREE,FREE,REG,4
yoursendpal,FREE,FREE,FREE,FREE,FREE,5
zaparo,FREE,FREE,REG,FREE,FREE,4
zapbuck,FREE,FREE,FREE,FREE,REG,4
zapfellow,FREE,FREE,FREE,FREE,FREE,5
zapfity,FREE,FREE,REG,FREE,FREE,4
zapfolk,FREE,FREE,FREE,FREE,REG,4
zapklan,FREE,FREE,FREE,FREE,FREE,5
zaposo,FREE,FREE,REG,FREE,FREE,4
zapsity,FREE,FREE,FREE,FREE,REG,4
zapufy,FREE,FREE,FREE,FREE,FREE,5
zendo,REG,REG,FREE,REG,FREE,2
zipclan,FREE,FREE,REG,FREE,FREE,4
zipfity,FREE,FREE,FREE,FREE,REG,4
zipfolk,FREE,FREE,FREE,FREE,FREE,5
zipfriend,FREE,FREE,REG,FREE,FREE,4
zipklan,FREE,FREE,FREE,FREE,REG,4
zipsity,FREE,FREE,FREE,FREE,FREE,5
zipufy,FREE,FREE,REG,FREE,FREE,4
zipvity,FREE,FREE,FREE,FREE,REG,4
